{
  "project_info": {
    "project_number": "336036736202",
    "project_id": "projetofinal-73fb9",
    "storage_bucket": "projetofinal-73fb9.appspot.com"
  },
  "client": [
    {
      "client_info": {
        "mobilesdk_app_id": "1:336036736202:android:a728f2aebbcda450685833",
        "android_client_info": {
          "package_name": "com.adrian.projetofinal"
        }
      },
      "oauth_client": [
        {
          "client_id": "336036736202-3t5u7u604nb2v1erq3btgaf7cues9sil.apps.googleusercontent.com",
          "client_type": 1,
          "android_info": {
            "package_name": "com.adrian.projetofinal",
            "certificate_hash": "315e9e77b411d37d78561d64b50846d6e91ce8ec"
          }
        },
        {
          "client_id": "336036736202-fe7aifdngmaodp3loj9uapidqnb7di4a.apps.googleusercontent.com",
          "client_type": 3
        }
      ],
      "api_key": [
        {
          "current_key": "AIzaSyDIPbmUVedctLsaazdHl_rKqJ2HBsjcgRk"
        }
      ],
      "services": {
        "appinvite_service": {
          "other_platform_oauth_client": [
            {
              "client_id": "336036736202-fe7aifdngmaodp3loj9uapidqnb7di4a.apps.googleusercontent.com",
              "client_type": 3
            }
          ]
        }
      }
    }
  ],
  "configuration_version": "1"
}